Date,Open,High,Low,Close,Adj Close,Volume
01-01-2014,373.542999,374.779999,365.282013,370.971008,369.225952,1364748
02-01-2014,370.971008,372.208008,356.179993,368.398987,366.666016,3015090
03-01-2014,364.095001,364.095001,360.334991,358.851013,357.162964,5004050
06-01-2014,363.600006,366.567993,359.890015,363.056,361.348175,5490078
07-01-2014,363.105011,366.072998,360.681,361.225006,359.525787,4020899
08-01-2014,361.225006,367.657013,361.127014,366.321014,364.597809,5455728
09-01-2014,368.25,368.447998,361.621002,364.045013,362.33252,3603790
10-01-2014,366.072998,366.666992,367.804993,363.105011,361.396942,3100756
13-01-2014,368.695007,375.423004,364.194,372.15799,370.407318,6706639
14-01-2014,371.118988,371.515015,368.744995,367.854004,366.123596,3272371
15-01-2014,370.031006,374.136993,362.907013,373.29599,371.539978,4846708
16-01-2014,374.977997,374.977997,363.154999,365.825989,364.105133,7788351
17-01-2014,363.600006,369.932007,366.567993,365.777008,364.056396,5000974
20-01-2014,367.112,372.752014,368.25,370.921997,369.177185,3246923
21-01-2014,371.019989,383.684998,376.016998,380.716003,378.925079,5781491
22-01-2014,377.402008,383.388,376.660004,382.002991,380.206024,5654756
23-01-2014,381.161987,384.872009,364.885986,379.528992,377.743683,3790226
24-01-2014,374.977997,377.996002,341.882996,366.468994,364.745087,3620343
27-01-2014,359.14801,359.14801,341.833008,344.553986,342.933197,9238426
28-01-2014,341.833008,355.585999,346.829987,352.468994,350.810944,6612173
29-01-2014,356.278992,358.703003,345.29599,348.016998,346.379913,3287503
30-01-2014,345.592987,363.600006,343.317993,357.911011,356.227386,9116541
31-01-2014,354.596985,354.596985,332.039001,345.841003,344.214142,6933187
03-02-2014,343.317993,346.037994,328.575989,332.829987,331.264343,5637193
04-02-2014,328.575989,343.020996,335.946991,342.179993,340.570343,11461602
05-02-2014,339.359985,354.696014,345.29599,351.332001,349.679321,9438001
06-02-2014,349.303009,356.427002,352.321014,353.855011,352.19046,8085726
07-02-2014,356.179993,359.14801,354.200989,356.377991,354.701569,5491087
10-02-2014,361.127014,363.501007,366.71701,360.187012,358.492676,6579783
11-02-2014,377.006012,378.639008,371.169006,370.526001,368.78302,15829804
12-02-2014,372.01001,378.936005,370.723999,372.653015,370.900055,7803373
13-02-2014,375.96701,379.381012,376.165009,371.959991,370.210266,6825757
14-02-2014,376.165009,385.860992,380.171997,384.674011,382.864502,6760700
17-02-2014,387.889008,391.252991,381.210999,382.497009,380.697723,8642839
18-02-2014,383.833008,390.06601,383.783997,387.246002,385.424377,6076399
19-02-2014,387.839996,388.82901,385.268005,387.345001,385.522919,3946756
20-02-2014,387.345001,390.808014,388.681,387.691986,385.868256,6735368
21-02-2014,390.808014,393.578003,390.016998,391.994995,390.151031,6397086
24-02-2014,392.835999,396.596008,389.373993,392.34201,390.496429,5249755
25-02-2014,394.765991,395.458008,391.846985,394.270996,392.416321,3064480
26-02-2014,392.885986,398.278015,400.05899,396.941986,395.074768,7317595
28-02-2014,405.648987,413.761993,403.917999,412.524994,410.584442,12677990
03-03-2014,410.596008,410.596008,401.493988,406.34201,404.430573,6684037
04-03-2014,406.885986,416.234985,402.82901,408.518005,406.596313,5615890
05-03-2014,410.596008,411.78299,400.108002,405.252991,403.346649,4045135
06-03-2014,407.132996,407.924988,401.196991,404.11499,402.21402,5718054
07-03-2014,404.165009,411.437012,389.274994,404.759003,402.855011,6061675
10-03-2014,400.108002,402.334991,388.82901,391.798004,389.954956,5839957
11-03-2014,388.82901,400.207001,383.881989,393.72699,391.874878,6113728
12-03-2014,392.885986,393.776001,380.765991,384.722992,382.913239,4526604
13-03-2014,389.274994,392.44101,378.936005,383.881989,382.076172,3899250
14-03-2014,378.936005,390.510986,376.462006,389.076996,387.246765,3242785
18-03-2014,389.819,393.132996,375.522003,377.20401,375.429626,6884224
19-03-2014,381.804993,383.536011,374.730988,380.270996,378.482178,6332285
20-03-2014,377.946014,380.914001,377.846985,375.67099,373.903809,4136725
21-03-2014,378.095001,385.860992,385.118988,385.019989,383.208832,5746379
24-03-2014,386.851013,390.264008,382.546997,387.345001,385.522919,3193454
25-03-2014,387.839996,389.324005,390.411987,386.701996,384.882935,3932786
26-03-2014,390.411987,398.722992,389.571014,397.388,395.518677,7426496
27-03-2014,398.722992,400.653015,391.20401,392.48999,390.643707,9264825
28-03-2014,396.546997,399.070007,392.44101,393.084015,391.234924,3401201
31-03-2014,396.744995,399.860992,395.26001,394.419006,392.563629,4162937
01-04-2014,400.850006,402.186005,400.701996,398.872009,396.995697,3988380
02-04-2014,402.483002,410.596008,402.779999,409.705994,407.778717,6361767
03-04-2014,411.485992,413.563995,400.15799,406.984985,405.070496,5358380
04-04-2014,410.002014,410.002014,396.596008,401.196991,399.309753,2931936
07-04-2014,400.752014,405.648987,403.175995,399.713013,397.832733,3833276
09-04-2014,403.670013,418.312988,418.510986,416.433014,414.474121,6959993
10-04-2014,418.510986,430.384003,417.720001,426.227997,424.222992,6388136
11-04-2014,424.347992,433.153992,404.709015,419.105011,417.133514,6147582
15-04-2014,421.083008,424.893005,405.006012,407.578003,405.660736,6939178
16-04-2014,405.153992,414.503998,410.893005,406.786987,404.873444,3823079
17-04-2014,410.941986,426.029999,419.648987,424.54599,422.548889,4626465
21-04-2014,420.390991,429.937988,422.072998,427.514008,425.50296,2848870
22-04-2014,426.326996,430.087006,417.817993,424.25,422.254303,2514732
23-04-2014,425.734009,429.097992,420.539001,420.539001,418.56076,5441306
24-04-2014,420.539001,420.539001,418.11499,420.539001,418.56076,0
25-04-2014,420.539001,426.178986,410.596008,418.757996,416.788147,4162637
28-04-2014,418.609985,418.609985,403.273987,412.031006,410.092804,3555731
29-04-2014,411.63501,414.355988,399.911011,404.609985,402.706696,2405270
30-04-2014,409.309998,413.563995,406.835999,410.348999,408.418701,5643785
02-05-2014,413.563995,415.839996,404.213989,410.348999,408.418701,2847110
05-05-2014,404.213989,411.485992,410.101013,410.052002,408.123108,2476757
06-05-2014,410.497009,417.522003,411.091003,414.701996,412.751221,2765256
07-05-2014,414.553009,417.225006,413.118988,412.278015,410.338623,3416542
08-05-2014,415.444,419.697998,414.800995,418.561005,416.592072,3073390
09-05-2014,419.450989,424.54599,421.973999,422.963013,420.973358,5055987
12-05-2014,422.864014,441.761993,434.143005,440.475006,438.402985,6378245
13-05-2014,442.503998,450.914001,429.444,436.270996,434.21875,5529372
14-05-2014,435.330994,441.365997,432.510986,437.656006,435.59726,2909047
15-05-2014,440.278015,443.889008,438.792999,434.984009,432.937805,4399959
16-05-2014,439.386993,460.065002,438.101013,445.075989,442.98233,9495198
19-05-2014,451.161011,452.941986,431.96701,439.68399,437.615692,5885250
20-05-2014,441.31601,447.054993,429.493011,435.182007,433.134888,6295237
21-05-2014,437.605988,440.227997,423.704987,432.312988,430.279388,5302879
22-05-2014,432.856995,436.467987,420.48999,426.227997,424.222992,7668503
23-05-2014,422.815002,435.231995,433.35199,426.722992,424.715668,7404501
26-05-2014,433.35199,448.934998,428.899994,439.338013,437.271362,9211966
27-05-2014,442.602997,446.559998,419.006012,431.96701,429.934998,5553986
28-05-2014,428.404999,431.174988,416.878998,424.200012,422.204559,8522101
29-05-2014,419.946014,427.761993,402.730011,419.796997,417.822266,7166290
30-05-2014,407.132996,417.720001,406.192993,410.644989,408.713287,11146213
02-06-2014,410.596008,418.213989,411.833008,416.285004,414.326752,5511595
03-06-2014,412.92099,419.5,416.532013,416.433014,414.474121,8909589
04-06-2014,420.48999,424.941986,412.722992,417.571014,415.60672,6501247
05-06-2014,415.542999,431.423004,423.953003,430.384003,428.359436,9086540
06-06-2014,432.362,435.825012,434.835999,434.440002,432.396393,8151456
09-06-2014,434.835999,448.588013,437.755005,443.838989,441.75116,7065185
10-06-2014,445.520996,450.566986,433.105011,448.588013,446.477844,6419352
11-06-2014,447.203003,448.687012,437.062012,441.019989,438.945404,5884466
12-06-2014,440.278015,446.658997,430.384003,444.778992,442.686737,4270136
13-06-2014,445.174988,445.471985,424.497009,433.598999,431.559326,5456729
16-06-2014,431.868011,433.598999,422.617004,426.278015,424.272766,4802036
17-06-2014,429.493011,438.497009,425.980988,436.221008,434.169006,4886837
18-06-2014,439.78299,440.278015,430.384003,428.553009,426.537048,3046408
19-06-2014,433.35199,439.089996,428.355011,433.945007,431.903717,6736247
20-06-2014,436.518005,437.359009,426.623993,433.401001,431.362244,4781531
23-06-2014,431.769012,437.803986,429.493011,430.97699,428.949646,3799763
24-06-2014,429.493011,440.871002,434.539001,437.458008,435.400177,4020018
25-06-2014,436.369995,443.838989,431.571014,438.54599,436.483032,4478733
26-06-2014,438.299011,444.087006,425.536011,433.35199,431.313477,4074119
27-06-2014,432.460999,436.171997,424.497009,427.761993,425.749786,2621190
30-06-2014,429.394012,431.571014,428.207001,426.722992,424.715668,3244343
01-07-2014,428.207001,448.093994,440.377014,446.015991,443.917908,6431547
02-07-2014,446.609985,453.733002,450.17099,450.963013,448.841644,5826459
03-07-2014,450.963013,467.78299,461.549011,464.765015,462.578735,10138513
04-07-2014,465.011993,469.21701,467.089996,464.467987,462.283112,7059491
07-07-2014,468.970001,474.856995,460.411987,473.768005,471.539368,5301440
08-07-2014,474.411011,479.556,448.192993,465.011993,462.824554,6757729
09-07-2014,464.813995,464.912994,444.97699,452.39801,452.214874,3927485
10-07-2014,455.31601,469.712006,439.089996,448.341003,448.159485,5359992
11-07-2014,450.419006,456.553009,437.903015,441.21701,441.038391,2738220
14-07-2014,440.278015,453.980988,451.852997,451.161011,450.978363,3611521
15-07-2014,453.386993,459.966003,457.196014,457.988007,457.802612,3609320
16-07-2014,461.252991,466.595001,460.213989,465.30899,465.120605,3592347
17-07-2014,462.044006,472.283997,461.401001,470.256012,470.065643,5114632
18-07-2014,466.792999,472.433014,465.011993,470.256012,470.065643,4148084
21-07-2014,471.196014,473.372986,467.238007,469.910004,469.719757,2147835
22-07-2014,469.910004,483.019012,471.69101,481.535004,481.340057,4245592
23-07-2014,480.347992,482.721985,472.036987,479.704987,479.510773,4745189
24-07-2014,478.071991,482.029999,451.557007,480.100006,479.90564,3338882
25-07-2014,480.84201,480.84201,446.510986,456.207001,456.022308,6343512
28-07-2014,451.656006,465.062012,437.30899,449.033997,448.852203,8392066
30-07-2014,450.17099,450.617004,440.326996,446.559998,446.379211,13595306
31-07-2014,448.192993,449.875,433.35199,442.009003,441.830048,9472954
01-08-2014,440.079987,450.914001,436.467987,435.330994,435.154755,8882644
04-08-2014,437.605988,443.641998,439.485992,441.860992,441.682098,7517952
05-08-2014,444.928009,453.040985,440.475006,451.951996,451.769043,4030664
06-08-2014,450.17099,450.17099,435.528992,442.800995,442.621735,4859129
07-08-2014,442.850006,445.571014,425.833008,437.30899,437.131958,4871344
08-08-2014,432.856995,433.203003,432.362,428.306,428.132599,6491180
11-08-2014,434.934998,443.69101,463.428986,441.811005,441.632141,8735749
12-08-2014,475.895996,476.88501,461.153992,468.970001,468.780151,14887583
13-08-2014,471.987,474.757996,468.623993,468.475006,468.285339,6299304
14-08-2014,469.31601,480.694,483.712006,479.457001,479.262909,6417376
18-08-2014,483.859985,500.283997,500.184998,498.45401,498.252228,8656402
19-08-2014,502.114014,515.174011,505.477997,513.343994,513.136169,9965689
20-08-2014,513.492004,516.460022,500.778992,506.813995,506.608826,5467442
21-08-2014,510.523987,512.651001,505.181,507.30899,507.103607,5463932
22-08-2014,509.782013,515.125,499.987,506.121002,505.916107,4404242
25-08-2014,511.514008,512.502991,491.083008,503.005005,502.801361,4005516
26-08-2014,493.209991,509.733002,510.721985,507.209991,507.004669,4724406
27-08-2014,513.393005,518.439026,517.104004,516.164001,515.955017,3905433
28-08-2014,518.142029,526.007996,511.265991,519.478027,519.2677,5597526
01-09-2014,520.41803,523.880981,506.615997,514.481995,514.273743,6321716
02-09-2014,514.481995,515.223999,515.768005,510.770996,510.564209,4700852
03-09-2014,520.517029,524.869995,503.846008,517.054016,516.844666,7395356
04-09-2014,517.153015,517.153015,497.809998,507.556,507.350525,7887160
05-09-2014,507.556,511.118011,497.562988,500.630005,500.427338,10061739
08-09-2014,502.609009,506.566986,502.213013,504.687012,504.482697,9265718
09-09-2014,505.675995,512.898987,506.962006,511.661987,511.454834,9134923
10-09-2014,508.346985,515.421997,505.576996,511.067993,510.861084,7315474
11-09-2014,512.502991,512.799988,507.951996,508.891998,508.685974,3994428
12-09-2014,509.535004,513.838989,504.735992,511.710999,511.503845,4645545
15-09-2014,506.566986,509.929993,489.401001,506.962006,506.756775,3002543
16-09-2014,504.588013,505.329987,486.184998,494.446991,494.246826,5795527
17-09-2014,496.673004,504.092987,495.385986,501.570007,501.366943,5000801
18-09-2014,500.333008,521.210022,511.067993,519.823975,519.613525,7126911
19-09-2014,519.625977,523.385986,508.545013,513.393005,513.185181,5187143
22-09-2014,509.535004,536.742981,510.622986,534.31897,534.102661,7973385
23-09-2014,535.950989,536.84198,501.174011,512.304993,512.097595,7528892
24-09-2014,510.523987,512.255981,494.694,507.951996,507.746368,3887412
25-09-2014,507.259003,509.286987,487.125,498.997986,498.795959,6390237
26-09-2014,496.772003,507.605011,502.263,505.675995,505.471283,7252440
29-09-2014,504.687012,510.127991,494.990997,505.329987,505.125397,5160966
30-09-2014,509.238007,509.238007,493.951996,496.821014,496.619873,5576866
01-10-2014,495.881012,502.015015,497.415009,497.415009,497.213623,3727045
07-10-2014,497.415009,511.31601,496.673004,499.591003,499.388763,5462324
08-10-2014,501.619995,507.259003,507.852997,503.597992,503.394104,3963079
09-10-2014,509.484985,516.955017,484.157013,515.075012,514.866516,3758874
10-10-2014,509.040009,509.040009,474.955994,487.471008,487.273651,7535919
13-10-2014,484.799988,492.912994,480.94101,490.984009,490.785248,5193539
14-10-2014,493.605988,494.891998,482.821014,482.821014,482.625549,3886857
15-10-2014,482.821014,482.821014,476.588013,482.821014,482.625549,0
16-10-2014,480.298004,495.782013,463.033997,478.665985,478.472198,6643745
17-10-2014,478.615997,478.615997,479.457001,470.751007,470.560425,9595388
20-10-2014,482.721985,491.726013,488.51001,489.401001,489.202881,5839604
21-10-2014,493.753998,498.799988,503.252014,496.128998,495.928162,3972593
22-10-2014,503.252014,514.976013,496.920013,513.640991,513.433044,5842953
27-10-2014,511.514008,512.502991,497.712006,498.355011,498.153259,3177279
28-10-2014,500.333008,505.873993,510.028992,503.252014,503.048279,2422396
29-10-2014,510.028992,521.853027,514.580994,520.616028,520.405273,4416090
30-10-2014,516.807007,525.710999,515.421997,521.357971,521.146912,6242397
31-10-2014,520.763977,532.784973,520.664978,530.163025,529.948425,3956551
03-11-2014,524.968994,530.213013,515.718018,525.760986,525.548157,2794485
05-11-2014,523.385986,534.072021,526.552002,530.312012,530.097351,6584901
07-11-2014,531.400024,538.177002,513.244995,527.690002,527.476379,2480435
10-11-2014,525.117981,528.778015,511.612,516.757019,516.547791,3389880
11-11-2014,519.429016,521.901978,516.362,516.164001,515.955017,2551015
12-11-2014,517.846008,531.202026,517.89502,526.205994,525.992981,3617680
13-11-2014,527.343994,530.312012,514.13501,521.159973,520.948975,2799445
14-11-2014,524.22699,531.103027,514.481995,518.340027,518.130188,4717776
17-11-2014,514.481995,541.739014,534.763977,539.463989,539.245605,7159195
18-11-2014,542.828003,544.856018,516.955017,535.85199,535.635071,4548021
19-11-2014,538.276001,539.166992,514.778992,523.880981,523.668884,4678498
20-11-2014,527.343994,528.184998,521.60498,519.18103,518.970825,3828956
21-11-2014,522.940979,533.676025,519.429016,525.36499,525.152283,4019464
24-11-2014,525.36499,532.934021,507.556,520.814026,520.60321,3793348
25-11-2014,522.940979,523.435974,509.535004,516.312012,516.102966,4359660
26-11-2014,516.164001,519.231018,506.071991,514.432007,514.223755,4638624
27-11-2014,509.535004,517.301025,515.966003,514.432007,514.223755,5701904
28-11-2014,518.835022,533.280029,524.473999,527.838013,527.624329,8262479
01-12-2014,534.120972,534.120972,522.495972,530.312012,530.097351,5148090
02-12-2014,530.015015,530.114014,520.715027,523.336975,523.125122,3593680
03-12-2014,529.52002,533.08197,516.460022,523.385986,523.174072,4040048
04-12-2014,528.333008,531.549011,516.906006,522.148987,521.937622,3639458
05-12-2014,518.883972,525.117981,508.248993,519.775024,519.564575,2469524
08-12-2014,519.528015,524.869995,496.029999,510.22699,510.020447,3135333
09-12-2014,511.760986,515.322998,487.966003,497.908997,497.707428,5562200
10-12-2014,490.735992,509.436005,492.714996,505.576996,505.372314,5621126
11-12-2014,501.421997,507.358002,490.735992,498.553009,498.351166,4069618
12-12-2014,493.605988,502.362,487.125,494.644012,494.443756,3900395
15-12-2014,489.64801,496.475006,473.421997,488.708008,488.510162,3896475
16-12-2014,484.799988,486.481995,463.677002,476.539001,476.346069,4813221
17-12-2014,473.520996,481.238007,475.747009,470.751007,470.560425,6238806
18-12-2014,475.945007,484.799988,479.011993,479.753998,479.559784,4417769
19-12-2014,485.096985,492.516998,476.242004,480.743988,480.549377,4665945
22-12-2014,480.94101,492.02301,480.446991,489.450012,489.251862,3225906
23-12-2014,491.528015,496.128998,476.440002,482.970001,482.774475,4165775
24-12-2014,484.947998,487.520996,473.867004,478.813995,478.620148,6510046
26-12-2014,477.873993,482.376007,480.001007,480.001007,479.806671,2339160
29-12-2014,480.001007,492.714996,485.046997,489.79599,489.597717,2818585
30-12-2014,493.704987,494.199005,485.838989,488.51001,488.312256,1701736
31-12-2014,489.252014,493.40799,487.026001,490.290985,490.092499,3217612
01-01-2015,489.252014,494.149994,491.972992,493.160004,492.960358,944552
02-01-2015,491.972992,511.908997,501.322998,506.368988,506.164001,4193094
05-01-2015,504.687012,520.41803,493.951996,518.241028,518.03125,6758676
06-01-2015,508.891998,508.891998,484.009003,496.07901,495.878174,7979599
07-01-2015,489.747009,495.089996,495.683014,488.609009,488.411194,9232657
08-01-2015,498.651001,509.337006,510.028992,506.566986,506.361908,5535588
09-01-2015,515.718018,519.379028,505.825012,516.757019,516.547791,4053562
12-01-2015,512.997986,519.132019,509.782013,516.757019,516.547791,2560568
13-01-2015,514.828003,520.120972,508.496002,513.937988,513.729919,4328812
14-01-2015,515.966003,521.060974,518.192017,514.828003,514.619568,6070608
15-01-2015,522.69397,530.312012,516.856018,527.294006,527.080566,6902556
16-01-2015,525.463989,530.114014,517.598022,520.171021,519.960449,4250137
19-01-2015,520.913025,533.874023,529.075012,532.784973,532.569275,4617341
20-01-2015,533.03302,555.046997,540.205994,553.265991,553.041992,6140342
21-01-2015,550.940979,552.523987,542.729004,545.646973,545.426086,6521364
22-01-2015,544.80603,562.664978,567.908997,560.487976,560.261047,6010572
23-01-2015,568.89801,584.877014,589.724976,582.205017,581.969299,7764737
27-01-2015,589.724976,601.250977,580.770996,598.133972,597.891846,7213518
28-01-2015,592.643005,592.841003,574.439026,582.947021,582.710999,8297786
29-01-2015,579.781006,594.325012,574.932983,592.247986,592.00824,5874507
30-01-2015,595.018005,598.28302,574.685974,578.940002,578.705627,4180985
02-02-2015,581.562012,589.575989,589.872986,586.211975,585.97467,4363228
03-02-2015,591.307983,605.901001,581.958008,596.89801,596.656372,6100344
04-02-2015,600.211975,600.211975,575.823975,585.124023,584.887146,3398716
05-02-2015,584.728027,596.502014,546.340027,582.947021,582.710999,6847443
06-02-2015,561.031982,565.929993,535.55603,553.661011,553.43689,12221203
09-02-2015,544.163025,548.565979,537.583984,536.890991,536.673645,4628549
10-02-2015,538.22699,561.971985,547.478027,558.114014,557.888062,5617236
11-02-2015,560.982971,565.335999,546.637024,552.968994,552.745117,4637550
12-02-2015,556.234009,559.994019,549.109985,555.838013,555.612976,5488927
13-02-2015,556.729004,561.18103,559.499023,559.547974,559.321472,3506532
16-02-2015,562.961975,574.289978,554.700012,568.057007,567.827026,5793608
18-02-2015,566.622009,580.770996,566.028992,578.098999,577.86499,5846505
19-02-2015,579.781006,586.262024,566.177002,570.432007,570.20105,4316943
20-02-2015,573.349976,578.791992,565.979004,573.745972,573.513672,3907248
23-02-2015,575.823975,578.247986,554.007996,568.106995,567.877014,3040407
24-02-2015,570.877014,571.866028,558.015015,558.409973,558.183899,4350357
25-02-2015,560.685974,569.887024,551.434998,562.169983,561.942383,3082741
26-02-2015,564.049988,565.979004,557.52002,554.700012,554.475464,3570924
27-02-2015,561.031982,574.833984,567.018005,569.046021,568.815674,4357038
02-03-2015,591.059998,594.622009,565.929993,578.791992,578.557678,4951897
03-03-2015,576.317993,576.317993,564.049988,568.007996,567.778076,3593209
04-03-2015,575.328979,585.817017,561.674988,568.007996,567.778076,6242784
05-03-2015,569.887024,571.66803,556.036011,564.643982,564.415405,3354511
09-03-2015,564.940002,567.513,552.770996,559.103027,558.876709,3566056
10-03-2015,561.872986,566.622009,542.382019,554.255005,554.03064,3917161
11-03-2015,555.046997,559.202026,548.41803,545.054016,544.833374,3184841
12-03-2015,549.010986,560.932983,549.208984,557.916016,557.690125,3430750
13-03-2015,559.646973,559.697021,548.367981,552.424988,552.201355,5382476
16-03-2015,553.117004,559.697021,556.432007,550.98999,550.766907,2786972
17-03-2015,558.015015,572.856018,550.593994,565.484985,565.256042,5395883
18-03-2015,564.296997,564.940002,545.400024,554.255005,554.03064,4569614
19-03-2015,559.004028,562.911987,535.258972,547.922974,547.701172,3295114
20-03-2015,543.124023,544.80603,542.234009,541.789001,541.569641,5119750
23-03-2015,542.234009,551.880981,522.79303,545.598022,545.377136,3153860
24-03-2015,545.94397,546.637024,527.838013,526.60199,526.388794,4519047
25-03-2015,529.817017,539.809998,515.27301,536.099976,535.882935,8625254
26-03-2015,525.265991,533.280029,512.651001,518.687012,518.477051,6544581
27-03-2015,520.072021,531.103027,525.710999,529.669006,529.45459,4721244
30-03-2015,531.153015,535.307983,531.89502,534.268982,534.052673,4012523
31-03-2015,534.41803,553.859009,542.184998,544.361023,544.140625,5409542
01-04-2015,543.27301,560.388977,555.349976,558.905029,558.678772,4222512
06-04-2015,563.900024,573.5,554.049988,568.150024,567.920044,5728358
07-04-2015,569.049988,570.700012,559.200012,560.349976,560.123108,3201751
08-04-2015,565,569.599976,552.25,561.5,561.272705,3774897
09-04-2015,562.799988,564.849976,555.549988,559.900024,559.67334,3043135
10-04-2015,558.799988,569.400024,552.450012,562.650024,562.422241,2808049
13-04-2015,563,563.900024,538.25,556.25,556.02478,2889208
15-04-2015,551.25,551.25,534.200012,540.450012,540.231201,4118983
16-04-2015,543.75,551.25,534.150024,541.25,541.030884,4027716
17-04-2015,541.5,544.799988,521.049988,535.349976,535.13324,2728290
20-04-2015,543.150024,543.150024,523.5,533.200012,532.984131,5011252
21-04-2015,531.450012,538,510.649994,527.400024,527.186523,3243871
22-04-2015,529,529.700012,508.450012,523.5,523.288086,4311384
23-04-2015,527.799988,527.799988,508.600006,512,511.792725,4961920
24-04-2015,515.25,520,513.049988,516.200012,515.991028,4302328
27-04-2015,521,523,518.349976,516.849976,516.640747,3082875
28-04-2015,520.5,533.799988,516.799988,529.849976,529.635498,6417077
29-04-2015,526.75,528,506.75,520.900024,520.689148,3685760
30-04-2015,518.200012,520.799988,497.5,508.25,508.04425,10009172
04-05-2015,511.75,516,506.049988,506.450012,506.244995,5849866
05-05-2015,509.5,515.700012,495.799988,510.450012,510.243378,3398712
06-05-2015,508.5,508.5,482.600006,497.850006,497.648468,5925410
07-05-2015,493.5,503,497.350006,488.100006,487.902405,5504557
08-05-2015,498.75,515.900024,517,513.700012,513.492065,6229295
11-05-2015,522.25,530.950012,511.149994,529.700012,529.485596,5520513
12-05-2015,525.700012,525.700012,506.549988,513.549988,513.342102,4569616
13-05-2015,517,525.549988,510.100006,520.450012,520.239319,4442178
14-05-2015,519,519,517.049988,516.599976,516.390808,3587736
15-05-2015,519,524.5,510.299988,519.900024,519.689575,4038816
18-05-2015,517.25,524.400024,508.700012,520.700012,520.489197,4363711
19-05-2015,516.900024,518.75,503.549988,509.799988,509.593597,5500642
20-05-2015,511,513.849976,505,505.25,505.045471,6385674
21-05-2015,506.5,512.5,510.200012,511.200012,510.993073,4708702
22-05-2015,511.75,516.950012,503,514.650024,514.44165,4744826
25-05-2015,513,514,493.549988,505.299988,505.095428,3080546
26-05-2015,505,506,463.549988,497.600006,497.39856,7389680
27-05-2015,473.600006,474.950012,472.25,471.75,471.559021,15936377
28-05-2015,473.850006,487.450012,479.399994,484.350006,484.153931,11792862
29-05-2015,485.200012,490.25,471,481.649994,481.455017,7892019
01-06-2015,482.899994,482.899994,465,472.049988,471.858887,4610219
02-06-2015,473.100006,478.399994,434.700012,466.950012,466.760986,6237231
03-06-2015,467,468.75,445.450012,456.850006,456.66507,9702740
04-06-2015,456.850006,458.450012,439.5,451.200012,451.017365,8001049
05-06-2015,445.649994,449.549988,429.049988,442.100006,441.921021,11195670
08-06-2015,435.299988,438,431.299988,435.600006,435.423645,7072020
09-06-2015,431.299988,443.799988,436,440.049988,439.871826,7741629
10-06-2015,439.899994,449.399994,428.100006,446.600006,446.41922,9716102
11-06-2015,446.5,446.799988,417.25,430.200012,430.025848,9668308
12-06-2015,426.549988,429.5,418.100006,421.799988,421.629242,10871836
15-06-2015,426,427.950012,421.25,426.350006,426.177399,7287773
16-06-2015,427.049988,435.799988,426.5,432.799988,432.624786,6192559
17-06-2015,436,437.399994,431.399994,433.700012,433.524445,7034146
18-06-2015,434.899994,447.5,431.600006,445.450012,445.269684,8198142
19-06-2015,444.799988,444.799988,435,433.049988,432.874664,6891821
22-06-2015,435,444,435,440.5,440.321655,5281379
23-06-2015,441,447.399994,428.100006,436,435.823486,5762483
24-06-2015,438.700012,438.700012,429.5,430.600006,430.42569,7081258
25-06-2015,433,436.100006,431.200012,432.399994,432.224945,7745469
26-06-2015,435,438.799988,418.149994,437.600006,437.422852,5009173
29-06-2015,428.799988,432.5,422.700012,428.25,428.07663,7143044
30-06-2015,428,436.25,431.399994,434.149994,433.974243,6387312
01-07-2015,436.75,447.399994,435,444.5,444.320038,6054910
02-07-2015,445,445,430.450012,436.399994,436.223328,4641851
03-07-2015,436,436,420.700012,433.149994,432.97464,3709457
06-07-2015,428,433.5,428,431.100006,430.925476,4600687
07-07-2015,434.350006,435.700012,400,431.549988,431.375275,5667938
08-07-2015,424,424,394.25,404.950012,404.786072,15521757
09-07-2015,400.149994,403.350006,398.049988,397.799988,397.638947,9351601
10-07-2015,400.25,405.799988,397.049988,401.899994,401.737305,13661389
13-07-2015,406.700012,406.700012,380.950012,402.100006,401.937225,8047912
14-07-2015,403.5,403.5,382.600006,385.950012,385.793762,11333562
15-07-2015,387,395,392.450012,394.299988,394.14035,15561638
16-07-2015,394.899994,398.649994,390.399994,395.25,395.089996,5199913
17-07-2015,395.950012,403.25,389.299988,398.049988,397.888855,6590110
20-07-2015,399,401.899994,386.100006,390.75,390.591797,5777196
21-07-2015,391.799988,393.299988,385.950012,389.100006,388.942474,6461958
22-07-2015,388,392.799988,385,389.549988,389.392273,5955109
23-07-2015,388.75,403.399994,389,401.350006,401.187531,9510349
24-07-2015,397.549988,399.350006,373,390.25,390.09201,7059848
27-07-2015,384.25,385.25,366.100006,377.450012,377.297211,8450904
28-07-2015,373,374.899994,372.700012,370.100006,369.950165,10975840
29-07-2015,373.899994,379.950012,376,376.450012,376.297607,9532212
30-07-2015,381.649994,382.5,380.049988,377.450012,377.297211,6562559
31-07-2015,380.799988,390.5,382,383.850006,383.694611,6947628
03-08-2015,386.350006,394.399994,378,388.200012,388.042847,6647982
04-08-2015,385.899994,387,375.100006,380.75,380.595856,5621275
05-08-2015,378.75,388.5,373.200012,376.399994,376.24762,8298929
06-08-2015,376.5,384.700012,382.399994,383.100006,382.944916,7976356
07-08-2015,382.399994,396,382.100006,393.399994,393.240723,10706804
10-08-2015,384,395.299988,367.549988,385.700012,385.543854,14494111
11-08-2015,387.100006,388,353.549988,369.149994,369.000549,9984809
12-08-2015,365,365.850006,348,355.200012,355.056213,11107801
13-08-2015,356.899994,360.950012,345.100006,349.399994,349.258545,11147702
14-08-2015,351.450012,359.75,345.25,355.25,355.106171,6400810
17-08-2015,354.399994,362.299988,347.700012,356.100006,355.955841,5812093
18-08-2015,355.850006,358.350006,344,348.600006,348.458893,5623977
19-08-2015,348.700012,354.899994,341,351.25,351.107788,6435894
20-08-2015,348,349.700012,327.75,342.200012,342.061493,7789676
21-08-2015,339.399994,339.399994,301.600006,332.399994,332.265442,8793065
24-08-2015,317,317,305.799988,308.25,308.125214,14753473
25-08-2015,308,331.350006,318.25,328.850006,328.716888,13398318
26-08-2015,322,341.399994,327.25,335.100006,334.964355,13781660
27-08-2015,338.399994,342.549988,335.25,334.049988,333.914764,17224851
28-08-2015,342,342,332.450012,340.049988,339.912323,7123909
31-08-2015,340,348.75,325.100006,340.149994,340.012299,7244287
01-09-2015,334.950012,339.350006,321.450012,329.899994,329.766449,8606005
02-09-2015,328.850006,332.5,326.200012,324.450012,324.318665,8097313
03-09-2015,326.200012,339.799988,316,333.549988,333.414948,8138855
04-09-2015,330,330.799988,320,322.899994,322.769287,6592654
07-09-2015,327.799988,333,316.299988,322.850006,322.719299,5357928
08-09-2015,326,333.25,333.600006,330.899994,330.766022,6729868
09-09-2015,335.350006,350.700012,331,344.899994,344.760376,8833492
10-09-2015,340.049988,356.450012,342.25,354.100006,353.956665,9872906
11-09-2015,354.899994,358.899994,342.25,344.600006,344.46051,8569963
14-09-2015,348.899994,350.899994,333.049988,346.799988,346.659576,5480940
15-09-2015,345.950012,345.950012,332.5,334.350006,334.214661,5802405
16-09-2015,337.700012,340.399994,326.850006,338.049988,337.913147,5708786
18-09-2015,329.200012,333.799988,325.649994,330.25,330.116302,14893326
21-09-2015,326.850006,334.899994,314,331.700012,331.565735,5172386
22-09-2015,332,333.600006,306.25,315.799988,315.67215,7122834
23-09-2015,311,312.549988,301.600006,310.299988,310.174377,8954516
24-09-2015,309.700012,312,283.5,303.399994,303.277161,13799813
28-09-2015,304.399994,304.399994,279.100006,285,284.884613,13577316
29-09-2015,281.200012,294.799988,288.100006,288.75,288.633118,12304403
30-09-2015,289.25,299.75,291.5,298.600006,298.479126,12926187
01-10-2015,301.450012,301.5,302.5,297.75,297.629456,7501080
05-10-2015,302.5,322.100006,319.549988,315.149994,315.0224,14527820
06-10-2015,320.549988,334.700012,329,333.700012,333.564911,18806867
07-10-2015,333.899994,345,341.549988,341.350006,341.211823,17802539
08-10-2015,343.799988,347.299988,341.100006,343.25,343.111053,12085332
09-10-2015,346.200012,359.200012,356.399994,356.450012,356.305695,11635790
12-10-2015,356.5,367,355.049988,362.350006,362.203308,10509775
13-10-2015,360,365.25,351.100006,361.100006,360.953827,9969583
14-10-2015,358.75,360.25,355.299988,352.299988,352.157379,7009418
15-10-2015,355.299988,383.75,380.649994,381.299988,381.14563,19487376
16-10-2015,388.600006,390.950012,376.25,386.75,386.593445,16497652
19-10-2015,384,384,377.399994,378.700012,378.546692,7455714
20-10-2015,379,395.75,378.549988,383.149994,382.994873,15426131
21-10-2015,379.950012,386.399994,382,381.450012,381.295593,8720671
23-10-2015,383.899994,388.799988,383.25,383,382.84494,6744440
26-10-2015,386.450012,389.899994,382.200012,384.600006,384.444305,5064657
27-10-2015,383,386.950012,382.200012,383.350006,383.194824,4423221
28-10-2015,382.799988,390.75,384.25,386.299988,386.143585,8018683
29-10-2015,388.950012,396.799988,383.5,391.200012,391.041626,15381516
30-10-2015,389.75,390.799988,384.399994,384.950012,384.794159,6651831
02-11-2015,386.100006,392.049988,380.799988,387.950012,387.792969,7511675
03-11-2015,391.25,391.25,390.049988,382.049988,381.895325,5887746
04-11-2015,390.049988,407.25,401.450012,404.850006,404.686096,13985828
05-11-2015,403.600006,412.799988,392.5,404,403.836456,12912937
06-11-2015,399.899994,404.399994,373.049988,396.149994,395.989624,11016134
09-11-2015,374,413.5,402.700012,411.75,411.583313,22128119
10-11-2015,408,417.399994,401.799988,407.450012,407.285065,12654616
13-11-2015,411.350006,417.5,394.200012,403.950012,403.786469,11007237
16-11-2015,401,404.850006,398.549988,400.25,400.087952,7673487
17-11-2015,403,410.700012,403.25,407.5,407.335022,6063987
18-11-2015,407.950012,413.5,403.5,406.25,406.085541,6960097
19-11-2015,409.899994,409.899994,401.350006,406.950012,406.785278,5645524
20-11-2015,408.5,410.700012,396.5,402.850006,402.68692,5420173
23-11-2015,400.350006,404.399994,397.049988,402.100006,401.937225,4658448
24-11-2015,399.100006,406.5,404,400.950012,400.787689,5624579
26-11-2015,404.75,426.450012,416.450012,424.399994,424.22818,15070353
27-11-2015,425.549988,431.899994,418,417.649994,417.480927,9720127
30-11-2015,419.899994,429.600006,416.100006,423.5,423.328552,9901753
01-12-2015,427,427,410.299988,417.350006,417.181061,6402692
02-12-2015,415.899994,418.899994,404.25,413.149994,412.982727,6543300
03-12-2015,408.700012,411.899994,398.700012,405.600006,405.435791,5999323
04-12-2015,402.5,411.5,395.299988,399.950012,399.788086,8477407
07-12-2015,402.899994,403,396.100006,399.149994,398.988403,6156323
08-12-2015,396.950012,406.950012,392.75,402.399994,402.237091,7851653
09-12-2015,402.799988,405,385.25,393.950012,393.790527,6103583
10-12-2015,401.200012,401.200012,375.299988,389.600006,389.442291,10684178
11-12-2015,390.899994,392.649994,360.5,377.950012,377.796997,6537672
14-12-2015,369.75,373.5,365.5,371.600006,371.449554,12682481
15-12-2015,371.25,380.950012,372.850006,379.5,379.346375,7717531
16-12-2015,375.899994,385,376.049988,380.450012,380.29599,11874858
17-12-2015,385,387,376.799988,382.950012,382.794983,7604665
18-12-2015,381.899994,384.799988,377.5,378.25,378.096863,6454322
21-12-2015,379.100006,382.549988,377.200012,380.149994,379.996094,4015631
22-12-2015,380.899994,382.799988,377.5,378.100006,377.94693,3802024
23-12-2015,379.899994,380.850006,377.600006,378.450012,378.296814,3953766
24-12-2015,380.899994,384.75,383.75,382.399994,382.245178,4568751
28-12-2015,384.899994,395,388.75,394,393.840485,7166351
29-12-2015,392.899994,397.5,390.5,391.850006,391.691376,7359611
30-12-2015,392,395,389.149994,393.450012,393.290741,4866177
31-12-2015,394,395.75,373,391.299988,391.141571,6410622
01-01-2016,392.5,403,375.049988,401.899994,401.737305,4377363
04-01-2016,400,400.100006,372.100006,377.049988,376.897339,7822660
05-01-2016,381.049988,382.450012,364.600006,374.450012,374.298431,6901068
06-01-2016,374.25,375.5,338.100006,365.899994,365.751862,7211230
07-01-2016,356.25,358,345.600006,343.549988,343.410919,11782307
08-01-2016,345.600006,355.850006,341.649994,353.350006,353.20697,8770370
11-01-2016,343.899994,364.75,351.600006,360.200012,360.054199,10576721
12-01-2016,362.700012,363.950012,356.299988,355,354.856293,8363062
13-01-2016,360.450012,369.799988,346.799988,364.600006,364.452393,14191511
14-01-2016,356.100006,359.399994,339.350006,354.299988,354.156555,10673343
15-01-2016,353.899994,353.899994,334.399994,341.299988,341.161804,6557584
18-01-2016,341,343.299988,342,340.200012,340.062286,6285144
19-01-2016,343,357.200012,338.799988,354.149994,354.006622,7304555
20-01-2016,349.649994,349.649994,323,342.25,342.11145,9156596
21-01-2016,340.649994,344.149994,331.5,328.549988,328.416992,16524035
22-01-2016,335.5,345.899994,331.149994,339.5,339.362549,9595392
25-01-2016,345.5,345.5,333.200012,332.600006,332.465363,6106931
27-01-2016,338,341,332.299988,337.049988,336.913544,8333202
28-01-2016,336.299988,341.399994,324.200012,334.200012,334.064728,13153617
29-01-2016,332,340.600006,332.25,336.899994,336.763611,10350998
01-02-2016,338.75,342.399994,327.700012,338.5,338.362976,6563774
02-02-2016,343.799988,344.700012,317.049988,329.549988,329.416565,9179304
03-02-2016,325.549988,325.950012,321.200012,320.299988,320.170319,6685445
04-02-2016,325.299988,329.299988,326.649994,325.5,325.368225,6086981
05-02-2016,330.5,339,321.350006,337.100006,336.963531,9236577
08-02-2016,334.950012,334.950012,308.799988,323.5,323.369049,6974342
09-02-2016,319.5,322.649994,288.25,310.649994,310.524231,12489713
10-02-2016,309.850006,309.950012,265.799988,291.549988,291.431946,21756193
11-02-2016,298.5,300,271.600006,276.350006,276.238129,21632886
12-02-2016,281,303.950012,297.700012,298.350006,298.229218,21542152
15-02-2016,297.899994,320.75,298.899994,317.25,317.121552,18888699
16-02-2016,319.399994,324.200012,298.649994,301.149994,301.028076,13598374
17-02-2016,302.950012,313.5,306.200012,310.149994,310.024445,13717526
18-02-2016,315.149994,319.100006,311.100006,314,313.872894,12498247
19-02-2016,312.100006,320,313.600006,318.200012,318.071198,7706462
22-02-2016,320,324.200012,314.450012,318.850006,318.720917,8699779
23-02-2016,324,324.75,304.75,318.549988,318.421021,11635881
24-02-2016,316,316,296.200012,306.299988,306.175995,7629905
25-02-2016,309.799988,312.200012,297.600006,298.200012,298.079285,12959812
26-02-2016,303.200012,305.200012,290.25,301.799988,301.677795,9181680
29-02-2016,303.200012,305.75,301.100006,299.700012,299.578674,12607181
01-03-2016,301.100006,317,314.350006,315.350006,315.222351,11440045
02-03-2016,322.899994,326,321.5,317.100006,316.971619,12418149
03-03-2016,324.5,339.799988,338.649994,336.700012,336.56369,12844057
04-03-2016,340.149994,348.75,341.5,343.5,343.360931,8197520
08-03-2016,346.5,353.75,336,346.049988,345.909882,7888999
09-03-2016,339.899994,349,341.399994,347.700012,347.559265,6383925
10-03-2016,347,353.600006,345.149994,348.5,348.358917,7443048
11-03-2016,348.5,355.899994,358.950012,354.25,354.106598,7641330
14-03-2016,359.899994,370.549988,359.549988,366.450012,366.301666,13066837
15-03-2016,366.899994,370.700012,353.299988,360.399994,360.254089,9800731
16-03-2016,359.950012,362.75,358.600006,359.549988,359.404419,7554537
17-03-2016,366.899994,367.399994,362.5,360.899994,360.753876,6914296
18-03-2016,362.5,367.799988,365.75,366.049988,365.901794,6594019
21-03-2016,367.25,375.5,370.399994,374.700012,374.548309,9325793
22-03-2016,376.950012,381.5,374.049988,377.200012,377.047302,8909026
23-03-2016,378,379.450012,361.5,377,376.847382,5766182
28-03-2016,375.5,375.5,363.049988,363.299988,363.152924,8062793
29-03-2016,364,378.950012,376.799988,372.450012,372.299225,9364810
30-03-2016,380.5,391.5,380.5,388.600006,388.442688,10295891
31-03-2016,387.899994,393.600006,377.700012,386.600006,386.443512,10738707
01-04-2016,386.399994,386.399994,382.399994,379.649994,379.496307,5683771
04-04-2016,385.950012,391,369,388.399994,388.242767,6011729
05-04-2016,386,386,372.049988,370.5,370.350006,6058241
06-04-2016,373.700012,382.399994,370.299988,376.700012,376.547516,7323269
07-04-2016,375.950012,384.799988,370.5,375.200012,375.048126,8724110
08-04-2016,375.5,380.049988,373.899994,371.450012,371.299622,4860484
11-04-2016,373.950012,387.799988,387.149994,386.649994,386.493469,6827449
12-04-2016,387.950012,397.399994,398.149994,395.799988,395.63974,7702684
13-04-2016,400,411.75,402.5,408.75,408.584534,12373115
18-04-2016,407.649994,409.899994,400.649994,407.350006,407.185089,5571076
20-04-2016,407,410.350006,406,404.100006,403.936401,7589901
21-04-2016,408.700012,417.200012,408,411.5,411.333405,9211869
22-04-2016,412.100006,420.5,410,417,416.831177,5995998
25-04-2016,417.600006,417.600006,405.049988,412.200012,412.033142,3272996
26-04-2016,408.649994,423.649994,414.649994,419.049988,418.880341,6998505
27-04-2016,418.950012,425.25,409.700012,418.549988,418.380554,6227941
28-04-2016,418.799988,420.950012,403.049988,411.350006,411.183472,7546101
29-04-2016,410,413.700012,402.5,408.350006,408.184692,6251095
02-05-2016,407.950012,410.450012,407.799988,407.700012,407.534973,4178821
03-05-2016,410.899994,422,380.100006,409.649994,409.484161,9620804
04-05-2016,405.5,405.5,383.149994,381.799988,381.645416,12069134
05-05-2016,384,396.049988,384.5,391.149994,390.991638,9601341
06-05-2016,388.600006,400.899994,395.149994,398.700012,398.538605,9953672
09-05-2016,400.350006,405.200012,387.149994,403.350006,403.186707,8700283
10-05-2016,400.799988,400.799988,376.100006,388.950012,388.792542,9166453
11-05-2016,384.799988,391.950012,379,379.850006,379.696228,11595875
12-05-2016,379,388.600006,385.5,387.049988,386.893311,6506343
13-05-2016,391.25,394,389,389.950012,389.792145,14027896
16-05-2016,393.799988,396.700012,386.600006,392.700012,392.541046,8248193
17-05-2016,392.600006,395,381.600006,389.700012,389.542236,9425555
18-05-2016,383.5,387.350006,381.950012,384.850006,384.694214,8589315
19-05-2016,386.25,393.299988,383.5,386.899994,386.743378,10988676
20-05-2016,386.700012,392.700012,380.100006,384.450012,384.294373,6537509
23-05-2016,388.549988,389.950012,382.649994,381.75,381.595459,8153090
24-05-2016,383.799988,391.75,394,389.100006,388.942474,10568106
25-05-2016,394,399.950012,396.75,397,396.839294,8897382
26-05-2016,400.5,402,396,399.25,399.088379,8469732
27-05-2016,400,405,401.299988,403.899994,403.736481,9035525
30-05-2016,404.799988,423.600006,445,421.25,421.079468,15767133
31-05-2016,456,464.899994,445,459.649994,459.463898,110744326
01-06-2016,455.75,458.299988,444.100006,449.200012,449.018158,10389215
02-06-2016,444.100006,460.5,452.5,453.450012,453.266449,13674434
03-06-2016,458.049988,461.799988,450.200012,453.950012,453.766235,11672544
06-06-2016,457.799988,465,459,460.5,460.313568,9356808
07-06-2016,466.450012,466.450012,463.200012,463.049988,462.862518,12568902
08-06-2016,465.5,468.799988,465,466.149994,465.961273,10467158
09-06-2016,469.450012,470.25,454.5,467.149994,466.960876,8525017
10-06-2016,466.75,466.75,436.700012,456.950012,456.765015,7039858
13-06-2016,451,451.399994,441.149994,444.25,444.07016,9507282
14-06-2016,446.899994,453.850006,447.25,448.399994,448.218475,9615226
15-06-2016,449.899994,453,446.049988,452.100006,451.916992,5704865
16-06-2016,449.700012,455.5,457.299988,454.350006,454.166077,7255454
17-06-2016,461,465.75,460.25,464.399994,464.211975,7836702
20-06-2016,464.75,484.200012,477.600006,482.049988,481.854828,9261350
21-06-2016,484,486.200012,468.049988,484.899994,484.703674,8907801
22-06-2016,483.049988,484.799988,476.100006,472.700012,472.508636,7660165
23-06-2016,476.100006,489.899994,421.25,487.950012,487.752472,9628216
24-06-2016,439.200012,453.75,443.600006,449.399994,449.218048,40998600
27-06-2016,451.799988,457.25,433,448.950012,448.76825,12450283
28-06-2016,448,448,445.399994,440.399994,440.22171,10190394
29-06-2016,447.100006,449.799988,451.549988,447.25,447.068939,6285461
30-06-2016,454.299988,462.25,454.700012,459.25,459.064087,13214064
01-07-2016,463.600006,464.75,467,457.899994,457.71463,7027759
04-07-2016,467,474.850006,459.5,469.5,469.309937,8413087
05-07-2016,468.5,469,454.100006,460.899994,460.713409,4934087
07-07-2016,460.950012,465.450012,462.649994,455.149994,454.965729,6580663
08-07-2016,464.299988,468.200012,472.100006,466.299988,466.111206,9263727
11-07-2016,472.100006,486.799988,481.100006,484.600006,484.403809,10477166
12-07-2016,486,488.649994,477.950012,484.299988,484.103912,6767972
13-07-2016,485.950012,488.100006,478.950012,481.100006,480.905243,5855718
14-07-2016,480.100006,489.299988,479.649994,486.100006,485.903229,5983007
15-07-2016,480,501.700012,490,494,493.800018,8889558
18-07-2016,495,505,493.450012,492.649994,492.649994,7463954
19-07-2016,493.899994,503.5,492.450012,499.25,499.25,7665519
20-07-2016,496.299988,502.450012,489.700012,493.899994,493.899994,5697901
21-07-2016,498.450012,500,493.5,491.049988,491.049988,3658371
22-07-2016,494.450012,508.450012,503.350006,507.200012,507.200012,5588143
25-07-2016,505.5,510.950012,502.100006,509,509,4638151
26-07-2016,506.049988,513.349976,505.5,503.25,503.25,6187499
27-07-2016,507.75,513.049988,498.75,510.100006,510.100006,5193425
28-07-2016,510,511.899994,501.100006,506.850006,506.850006,6338260
29-07-2016,507.799988,510.5,505.5,503.200012,503.200012,3746332
01-08-2016,506.799988,514.900024,491.149994,508.25,508.25,4748497
02-08-2016,510,511.200012,475.5,493.299988,493.299988,5251838
03-08-2016,494.5,499.5,488.600006,478.399994,478.399994,7925049
04-08-2016,490.100006,501.450012,502.149994,500,500,9476008
05-08-2016,507.200012,518.700012,513.400024,516.400024,516.400024,6393514
08-08-2016,518.200012,522.599976,509.200012,514.799988,514.799988,4649302
09-08-2016,521,522,502.299988,513.799988,513.799988,6015760
10-08-2016,515.599976,516.5,495.100006,503.450012,503.450012,6371139
11-08-2016,503.75,505,506.149994,503.25,503.25,4112806
12-08-2016,506.899994,519.5,503.299988,516.799988,516.799988,7167435
16-08-2016,512.950012,515,505.850006,507.600006,507.600006,6034295
17-08-2016,511.100006,514.25,510.75,510.399994,510.399994,5853980
18-08-2016,512.400024,517.900024,508.200012,512.049988,512.049988,4990558
19-08-2016,514,515,503.100006,510,510,4567273
22-08-2016,509.100006,513.599976,500.450012,503.950012,503.950012,4330313
23-08-2016,505.25,508.600006,493.600006,504,504,5342115
24-08-2016,504.700012,506.049988,491.299988,498.350006,498.350006,5189459
25-08-2016,498.350006,503.299988,486,493.850006,493.850006,8787262
26-08-2016,502,515.349976,515.400024,503.75,503.75,16347856
29-08-2016,522.5,528.75,524.099976,525.299988,525.299988,12534399
30-08-2016,528.5,530.799988,529,529,529,6611147
31-08-2016,529,548.799988,540,537.700012,537.700012,15725942
01-09-2016,540.5,546.650024,549.099976,543.650024,543.650024,7571854
02-09-2016,552,555.900024,556.349976,549.849976,549.849976,10097146
06-09-2016,556.349976,593.299988,584,588.700012,588.700012,15813178
07-09-2016,590,598.400024,577.75,587.400024,587.400024,13408927
08-09-2016,590.75,591.700012,571.700012,584.200012,584.200012,10456258
09-09-2016,580,582.950012,549.25,573.25,573.25,7159068
12-09-2016,551,560,544.099976,553.450012,553.450012,7055294
14-09-2016,556.25,565.349976,555.400024,560.5,560.5,12364724
15-09-2016,562,566.25,546.349976,557.549988,557.549988,5258859
16-09-2016,562.400024,568.200012,549.450012,548.700012,548.700012,10931845
19-09-2016,553.799988,556.400024,545.5,554.450012,554.450012,6979269
20-09-2016,555,556.299988,544,548.450012,548.450012,6874462
21-09-2016,548.599976,556.400024,551.349976,549.900024,549.900024,5919149
22-09-2016,561.200012,562.950012,551.200012,558.450012,558.450012,6012388
23-09-2016,558.5,558.5,533.75,553.049988,553.049988,4840360
26-09-2016,549.950012,549.950012,530.25,535.299988,535.299988,6858574
27-09-2016,537.700012,542,531.5,531.950012,531.950012,4912743
28-09-2016,533,545.400024,516.650024,540,540,6604953
29-09-2016,543,546.900024,521.200012,526.299988,526.299988,9315794
30-09-2016,525.599976,536.549988,539,534.849976,534.849976,5659248
03-10-2016,539.400024,546,540.650024,540.799988,540.799988,4505939
04-10-2016,547.400024,552.400024,549.75,549.950012,549.950012,5715454
05-10-2016,555.299988,562.400024,549.099976,559.650024,559.650024,5929204
06-10-2016,563.099976,564.200012,552.599976,551.450012,551.450012,4273945
07-10-2016,554.5,567.299988,560.900024,565.700012,565.700012,9122002
10-10-2016,571.099976,571.099976,537,562.049988,562.049988,3673211
13-10-2016,556.900024,556.900024,545,544.849976,544.849976,9510827
14-10-2016,546,557.450012,545.900024,556.099976,556.099976,5872827
17-10-2016,557.849976,557.849976,549.200012,547.549988,547.549988,3463154
18-10-2016,549.200012,556,545.049988,554.25,554.25,3965424
19-10-2016,552.049988,554.900024,546,550.5,550.5,4275157
20-10-2016,553.049988,554,541.5,546.849976,546.849976,2770011
21-10-2016,549,550,543.549988,544.5,544.5,2789747
24-10-2016,544,564,549.099976,559.799988,559.799988,5161299
25-10-2016,549.849976,561,523.150024,553.799988,553.799988,5690576
26-10-2016,548,548,510.75,530.049988,530.049988,6665017
27-10-2016,515.599976,525.75,525.099976,522,522,18470182
28-10-2016,527,539.950012,525.049988,537,537,5665910
01-11-2016,534.400024,537.900024,512.349976,530.599976,530.599976,6848662
02-11-2016,522.599976,526,505.200012,513.299988,513.299988,4750117
03-11-2016,509.799988,521.450012,501.600006,510.200012,510.200012,6909458
04-11-2016,509.25,516.349976,505.049988,512.299988,512.299988,7564243
07-11-2016,513,521.299988,517,506.350006,506.350006,5507954
08-11-2016,518.400024,543,500,540.200012,540.200012,12739083
09-11-2016,501.149994,544,531.5,533.5,533.5,10276017
10-11-2016,536,549.349976,505,533.700012,533.700012,6906437
11-11-2016,526.5,530,453,507.299988,507.299988,7823667
15-11-2016,484.899994,484.899994,450,457.399994,457.399994,15356070
16-11-2016,468.450012,471.700012,459.649994,458.450012,458.450012,10855618
17-11-2016,460,476,461.850006,472.850006,472.850006,8949767
18-11-2016,469.899994,473.850006,451.5,471.25,471.25,7246244
21-11-2016,468,472.799988,453.299988,456.950012,456.950012,7325876
22-11-2016,464.049988,471,462,464.850006,464.850006,6644867
23-11-2016,467,475.299988,449.700012,471.5,471.5,6727083
24-11-2016,466.350006,466.350006,443.149994,452.950012,452.950012,8046995
25-11-2016,454.100006,456.350006,450.5,452.350006,452.350006,7426347
28-11-2016,451.25,460,451.350006,454.700012,454.700012,5025929
29-11-2016,455,466.299988,455.100006,459.850006,459.850006,8570549
30-11-2016,460,463.799988,446.899994,459.299988,459.299988,8377510
01-12-2016,457,457.700012,431.149994,448.200012,448.200012,7706825
02-12-2016,445,453.5,428.299988,432.899994,432.899994,10450654
05-12-2016,436,441,438.100006,439.299988,439.299988,8211182
06-12-2016,441,445.899994,439.25,441.100006,441.100006,4209420
07-12-2016,440,449.200012,451.200012,445.350006,445.350006,5559803
08-12-2016,451.200012,464.399994,460.600006,461.549988,461.549988,8176055
09-12-2016,464.950012,468.549988,451.049988,464.100006,464.100006,5690877
12-12-2016,461.950012,461.950012,462.25,454.399994,454.399994,3837786
13-12-2016,476.799988,486.25,462.649994,470.649994,470.649994,63880404
14-12-2016,470.200012,476.799988,462.5,472.350006,472.350006,7660437
15-12-2016,464,473.600006,464.200012,463.200012,463.200012,6539067
16-12-2016,465,474.899994,465.5,473.149994,473.149994,9015744
19-12-2016,470.899994,478.549988,469.100006,471.799988,471.799988,5445624
20-12-2016,473,475,467.100006,473.149994,473.149994,3690160
21-12-2016,473.5,474.5,464.799988,468.5,468.5,3492856
22-12-2016,468.149994,472.950012,460,469.600006,469.600006,5436494
23-12-2016,464.950012,468.299988,455.600006,465.649994,465.649994,3957854
26-12-2016,465.5,465.5,457.399994,457.850006,457.850006,3282425
27-12-2016,460,468.75,462,466.950012,466.950012,3164664
28-12-2016,467,468.649994,459.350006,463.350006,463.350006,3772181
29-12-2016,462.75,472.700012,467.5,470.899994,470.899994,4763171
30-12-2016,471,475,469.049988,472,472,3605555
02-01-2017,472,488.700012,479.899994,487.049988,487.049988,4024156
03-01-2017,491,492.700012,484.100006,481.100006,481.100006,5814518
04-01-2017,484.649994,493.700012,495.549988,486.649994,486.649994,4769872
05-01-2017,496,503.399994,496.25,502.149994,502.149994,7961242
06-01-2017,502.950012,507.950012,492.149994,497.75,497.75,4907475
09-01-2017,499.399994,504.600006,505.950012,500.149994,500.149994,3932710
10-01-2017,506.549988,518,517.150024,516.25,516.25,7973024
11-01-2017,520.25,523.950012,513.200012,519.25,519.25,4886398
12-01-2017,521.700012,524,507.5,518.25,518.25,4219627
13-01-2017,523.25,523.25,517,514.849976,514.849976,6367248
16-01-2017,518.650024,529.450012,521,526.400024,526.400024,6084582
17-01-2017,528.099976,530.799988,521.200012,523.700012,523.700012,4297426
18-01-2017,523.049988,529.599976,522.700012,522.450012,522.450012,5874608
19-01-2017,523,535.599976,521.25,531.450012,531.450012,5810128
20-01-2017,527.400024,529.299988,523,523.200012,523.200012,5013928
23-01-2017,523.200012,534.950012,532.349976,532.700012,532.700012,4209879
24-01-2017,533,543,541.549988,541.549988,541.549988,5183630
25-01-2017,543.25,551.900024,539.75,548.900024,548.900024,4504941
27-01-2017,549,552,530.799988,541.950012,541.950012,4493803
30-01-2017,542,543.5,518,532.299988,532.299988,4163428
31-01-2017,530.200012,531.5,522.900024,523.549988,523.549988,6035022
01-02-2017,527.5,544.5,526.799988,542.25,542.25,4786720
02-02-2017,537.599976,537.599976,519.5,531.5,531.5,6579801
03-02-2017,531.900024,531.900024,523.200012,522.599976,522.599976,5298261
06-02-2017,527.900024,531.450012,502,525.849976,525.849976,3642527
07-02-2017,524.799988,524.799988,506.299988,506.799988,506.799988,7987282
08-02-2017,512.349976,514.950012,505.75,513.049988,513.049988,5975054
09-02-2017,515.400024,518,506.5,512.849976,512.849976,4099871
10-02-2017,513,514.799988,503.299988,509.549988,509.549988,4732032
13-02-2017,512.700012,512.700012,466.549988,505.299988,505.299988,4700518
14-02-2017,503,506.700012,434.350006,482.049988,482.049988,14901414
15-02-2017,449.049988,453,435.399994,436.450012,436.450012,38638630
16-02-2017,442.549988,447.600006,442.399994,446,446,11622714
17-02-2017,447.899994,456.600006,449,452.950012,452.950012,10063504
20-02-2017,451.5,458.450012,454.5,455.450012,455.450012,5866707
21-02-2017,456.899994,462.799988,455.799988,458.649994,458.649994,6875914
22-02-2017,460.25,466.700012,457.25,460.049988,460.049988,7315280
23-02-2017,464,464.700012,455.100006,462.350006,462.350006,9492419
27-02-2017,464,464,454.100006,457.799988,457.799988,5510484
28-02-2017,460,460,448,456.75,456.75,5722402
01-03-2017,455.899994,455.899994,453.200012,449.450012,449.450012,8367579
02-03-2017,457.850006,467.899994,458.600006,461.700012,461.700012,13667695
03-03-2017,463.299988,466.850006,462.100006,459.950012,459.950012,7085620
06-03-2017,462.5,472.700012,466.049988,470.799988,470.799988,4036291
07-03-2017,469.5,475.899994,461.149994,467.549988,467.549988,7114541
08-03-2017,469.399994,469.600006,462,462.799988,462.799988,5351597
09-03-2017,462.450012,469.700012,465.100006,467.600006,467.600006,3837624
10-03-2017,471,471.850006,468.450012,469.100006,469.100006,5766815
14-03-2017,481,483,470.649994,469.75,469.75,6348198
15-03-2017,475,476.549988,476.149994,473.450012,473.450012,4801312
16-03-2017,478.700012,482,471.700012,480.950012,480.950012,6272947
17-03-2017,481.350006,484.200012,470.75,476.5,476.5,6338248
20-03-2017,476.549988,478.200012,470.649994,476,476,2871104
21-03-2017,478,478.049988,458.5,473.75,473.75,4685410
22-03-2017,469.950012,469.950012,461.299988,459.899994,459.899994,4695648
23-03-2017,461.299988,477,467.549988,472.899994,472.899994,8665384
24-03-2017,470.75,474.799988,462.100006,470.399994,470.399994,4296510
27-03-2017,469,469.149994,467.5,464.75,464.75,4417413
28-03-2017,467.5,473,463.600006,472.399994,472.399994,2982614
29-03-2017,474.899994,475,462.850006,469.049988,469.049988,6680569
30-03-2017,463.5,469.799988,464.5,468.399994,468.399994,9482785
31-03-2017,466.5,472.5,467.600006,465.850006,465.850006,6400088
03-04-2017,468.25,472.299988,467.25,470.399994,470.399994,2951896
05-04-2017,470.399994,475,470.600006,473.5,473.5,5287168
06-04-2017,474.299988,478.5,466.649994,473.200012,473.200012,6703078
07-04-2017,468.450012,480.549988,467.549988,468.299988,468.299988,8089461
10-04-2017,471.649994,478.299988,471.100006,474.899994,474.899994,5437523
11-04-2017,477.899994,478.350006,461.600006,472.25,472.25,4887918
12-04-2017,468.700012,471.549988,451.200012,464.549988,464.549988,5991598
13-04-2017,461.850006,463.350006,447.299988,453.350006,453.350006,5930185
17-04-2017,452,455.700012,442.5,449.200012,449.200012,4913930
18-04-2017,452,455.75,438.299988,443.700012,443.700012,4235130
19-04-2017,443,449.5,442.100006,443.049988,443.049988,6319332
20-04-2017,447.850006,447.850006,437.600006,443.950012,443.950012,3288900
21-04-2017,446.75,448.450012,438.75,440.600006,440.600006,5325590
24-04-2017,439.799988,449,443.299988,443.850006,443.850006,6214069
25-04-2017,445.850006,447.75,445.5,445.649994,445.649994,5894090
26-04-2017,446,454.399994,452.700012,450.799988,450.799988,8438042
27-04-2017,455,460.899994,454.399994,455.350006,455.350006,10589249
28-04-2017,457.100006,462,448.549988,458.899994,458.899994,5126904
02-05-2017,456.600006,457.200012,444.649994,451.25,451.25,6071958
03-05-2017,451.350006,456,435.149994,446.600006,446.600006,5158586
04-05-2017,446.649994,448.100006,418,436.5,436.5,6204022
05-05-2017,436.5,436.5,417.25,419.600006,419.600006,9487539
08-05-2017,424.75,428.700012,422.700012,422.649994,422.649994,7427873
09-05-2017,424.75,428.799988,424,426.799988,426.799988,2833132
10-05-2017,427.799988,433,425.399994,432.299988,432.299988,5378402
11-05-2017,434,434.5,427.450012,427.450012,427.450012,4049649
12-05-2017,429.649994,433.799988,430.100006,430.850006,430.850006,3850940
15-05-2017,434,434,432.25,431.899994,431.899994,1885702
16-05-2017,432.25,439.5,435.100006,437.25,437.25,3452072
17-05-2017,436.5,452.5,436,449.100006,449.100006,6572678
18-05-2017,442,448.700012,434.600006,437.950012,437.950012,6158546
19-05-2017,439,444.950012,442.600006,443.350006,443.350006,4387481
22-05-2017,446,452.75,444.299988,449.649994,449.649994,6145914
23-05-2017,451.450012,456.450012,458.100006,450.5,450.5,10330814
24-05-2017,470,473.350006,464.700012,469.549988,469.549988,27370795
25-05-2017,470,479,473.5,476,476,15108872
26-05-2017,474.100006,488.25,471.799988,481.100006,481.100006,7692869
29-05-2017,482.5,485,480,481.5,481.5,4253044
30-05-2017,482.700012,487,474.799988,481.299988,481.299988,3101380
31-05-2017,482.299988,483,473.549988,476.149994,476.149994,5393856
01-06-2017,476.950012,479.700012,477.700012,476.649994,476.649994,3001232
02-06-2017,480,485.950012,475.200012,478.75,478.75,4319080
05-06-2017,478.299988,481.899994,457.600006,478.149994,478.149994,2464819
06-06-2017,482.899994,484.350006,453.5,461,461,8016939
07-06-2017,462.549988,463.649994,457.350006,458,458,5250544
08-06-2017,459.5,463.450012,455,460.799988,460.799988,4066322
09-06-2017,459.950012,468,455.200012,467.100006,467.100006,4598706
12-06-2017,463.75,465.25,448,456.25,456.25,4341696
13-06-2017,457.149994,458.75,447.049988,449.549988,449.549988,3577406
14-06-2017,450.799988,453.399994,446.950012,451.950012,451.950012,3605931
15-06-2017,452,457.850006,452,448.299988,448.299988,3879154
16-06-2017,454.700012,458.399994,450.5,455.75,455.75,7042094
19-06-2017,453.799988,456.399994,456,452.350006,452.350006,3869675
20-06-2017,457,470.75,455.5,467.399994,467.399994,12014975
21-06-2017,466,466,451.600006,457.299988,457.299988,5436141
22-06-2017,458.850006,463,442.399994,452.700012,452.700012,5008885
23-06-2017,454,456.5,434.399994,443.149994,443.149994,6753648
27-06-2017,443.799988,444.5,440.149994,442.299988,442.299988,5915274
28-06-2017,443.899994,446.799988,434,442.5,442.5,4960238
29-06-2017,444.5,446.25,428.049988,435.600006,435.600006,11085101
30-06-2017,433.899994,435.600006,426.25,432.549988,432.549988,4776892
03-07-2017,431.5,434.700012,426,430.25,430.25,6230025
04-07-2017,434.200012,436.399994,427.399994,426.899994,426.899994,5020683
05-07-2017,428.899994,433.950012,433.799988,431.75,431.75,5050749
06-07-2017,435.399994,438.799988,432.25,437.100006,437.100006,4038188
07-07-2017,434.450012,441.450012,444,436.850006,436.850006,5311730
10-07-2017,446.600006,448.100006,451,446.950012,446.950012,1154721
11-07-2017,452,462.299988,456.600006,456.950012,456.950012,12069006
12-07-2017,461,463.799988,455.549988,461,461,6051540
13-07-2017,464.5,464.5,450.399994,459.049988,459.049988,4382063
14-07-2017,460,460,453.25,451.299988,451.299988,3974269
17-07-2017,455,458.350006,452.600006,454.149994,454.149994,4922453
18-07-2017,452.600006,459.5,453,456.149994,456.149994,2349268
19-07-2017,453,462.899994,457.350006,460.600006,460.600006,3395937
20-07-2017,463.5,464.350006,457.600006,460.149994,460.149994,3318626
21-07-2017,460,465.899994,461,464.600006,464.600006,3150269
24-07-2017,464.950012,468.350006,454.700012,464,464,3773074
25-07-2017,462.149994,464.700012,455,456.100006,456.100006,7052112
26-07-2017,457.200012,458.700012,440.299988,457.299988,457.299988,3641559
27-07-2017,459,460.950012,442.450012,445.399994,445.399994,13738611
28-07-2017,444.600006,447.450012,443.700012,445.850006,445.850006,3365171
31-07-2017,446.25,449.700012,445.700012,444.600006,444.600006,3804621
01-08-2017,446.549988,452.350006,438.149994,446.899994,446.899994,4012791
02-08-2017,449.5,449.950012,429.600006,440.350006,440.350006,4045533
03-08-2017,441,441.5,433.450012,431.450012,431.450012,6197142
04-08-2017,435.100006,438.75,425.299988,435.600006,435.600006,4166729
07-08-2017,438.600006,439.799988,426,430,430,6461815
08-08-2017,432,435.5,415,430,430,7134979
09-08-2017,428.799988,429.899994,375.25,416.049988,416.049988,10849567
10-08-2017,401,403.600006,358.5,380.200012,380.200012,28114017
11-08-2017,376,379.100006,372.600006,374.5,374.5,14699477
14-08-2017,380,381.799988,375.5,375.399994,375.399994,8216208
16-08-2017,379.450012,390.700012,384.5,389.25,389.25,11019760
17-08-2017,392.450012,392.450012,377,385.299988,385.299988,5971420
18-08-2017,381.75,383,371.299988,380.399994,380.399994,5856198
21-08-2017,382,382.549988,372.25,374.350006,374.350006,5123101
22-08-2017,378.799988,379.950012,373.350006,373.600006,373.600006,4163794
23-08-2017,376,381.149994,380.100006,379.950012,379.950012,4448871
24-08-2017,380.100006,385.950012,378.299988,384.149994,384.149994,5208541
28-08-2017,385.850006,387.399994,374.450012,379.299988,379.299988,4403872
29-08-2017,379,382.350006,377.450012,376.100006,376.100006,4689547
30-08-2017,380.850006,382.75,375.799988,378.5,378.5,3734824
31-08-2017,380.049988,380.450012,378.649994,376.549988,376.549988,4685511
01-09-2017,379.350006,392.850006,380.5,390.850006,390.850006,7380325
04-09-2017,393,396.049988,383.399994,383.399994,383.399994,8433560
05-09-2017,385.700012,389.5,381.850006,388.149994,388.149994,4477993
06-09-2017,385,386.700012,376,382.700012,382.700012,5953907
07-09-2017,383.700012,384.399994,374.049988,378.149994,378.149994,7938665
08-09-2017,381,381.799988,374.200012,375.049988,375.049988,7471355
11-09-2017,380,380,375.5,375.299988,375.299988,5402725
12-09-2017,378.700012,390,387.200012,388.25,388.25,9266823
13-09-2017,391,393.950012,390.25,389.649994,389.649994,6537279
14-09-2017,390.75,406.600006,400,404.399994,404.399994,11476571
15-09-2017,402.850006,406.75,403.200012,401.75,401.75,9675506
18-09-2017,411.850006,413,414,404.950012,404.950012,8966503
19-09-2017,415,427.700012,413,423.649994,423.649994,28208471
20-09-2017,422.75,422.75,408.799988,414.799988,414.799988,5179160
21-09-2017,415.399994,418.450012,408.850006,413.649994,413.649994,6946502
22-09-2017,414,422.149994,404.600006,411.799988,411.799988,9781308
25-09-2017,413.649994,415.299988,403.299988,408.200012,408.200012,6957357
26-09-2017,409.399994,413.899994,402,411.25,411.25,5077291
27-09-2017,413.5,414.25,399,404.899994,404.899994,4727360
28-09-2017,406.950012,406.950012,397.399994,401.399994,401.399994,4850748
29-09-2017,401.399994,405,415,401.5,401.5,7520906
03-10-2017,428,428,412.700012,416,416,9696920
04-10-2017,417.549988,426,420.100006,423.549988,423.549988,7663143
05-10-2017,423,425.799988,416.200012,423.299988,423.299988,4606192
06-10-2017,422,426,423.049988,424.850006,424.850006,5308695
09-10-2017,424,432.100006,421.399994,425.600006,425.600006,4414381
10-10-2017,425.600006,428.899994,414.100006,423.600006,423.600006,5057869
11-10-2017,424.899994,424.899994,409.350006,415.5,415.5,4320451
12-10-2017,415.5,421.799988,418.899994,420.149994,420.149994,5442846
13-10-2017,421,429.299988,425.850006,424.799988,424.799988,6969434
16-10-2017,426.299988,438,430.200012,437.049988,437.049988,8476709
17-10-2017,435.75,435.75,426.600006,432.299988,432.299988,5135763
18-10-2017,432.25,437.299988,424.25,433.200012,433.200012,5539785
19-10-2017,433,433.100006,421,426.950012,426.950012,1313380
23-10-2017,429.100006,430.850006,415.049988,422.75,422.75,4013418
24-10-2017,422.75,423.799988,415.100006,416.049988,416.049988,4541742
25-10-2017,421,424.399994,417,421.950012,421.950012,5666968
26-10-2017,421.700012,422.399994,422.049988,419.399994,419.399994,6207936
27-10-2017,422.049988,434.350006,428.25,429.899994,429.899994,7414741
30-10-2017,428.25,440.950012,427.299988,436.549988,436.549988,7675104
31-10-2017,438.850006,438.850006,428.450012,428.399994,428.399994,6214996
01-11-2017,430.950012,439.950012,429.899994,437.75,437.75,7310931
02-11-2017,435.700012,440.399994,432.649994,434.899994,434.899994,8262211
03-11-2017,434,449.350006,443.549988,447.700012,447.700012,8116263
06-11-2017,445.75,468,450.049988,462.899994,462.899994,19456789
07-11-2017,458.200012,465.899994,431.299988,451.850006,451.850006,13266543
08-11-2017,448,455,425.649994,438.200012,438.200012,11193613
09-11-2017,442.100006,450.899994,420,440.149994,440.149994,40547266
10-11-2017,438.950012,438.950012,416.100006,422.549988,422.549988,22534490
13-11-2017,423,427.5,410.649994,418.100006,418.100006,9857544
14-11-2017,418.549988,421.850006,407,414.299988,414.299988,8987515
15-11-2017,414.299988,417.549988,411.350006,408.649994,408.649994,9867270
16-11-2017,411.350006,415.899994,417,413.450012,413.450012,6291441
17-11-2017,419.450012,423.450012,420.100006,421.799988,421.799988,6191428
20-11-2017,421,425.700012,422.5,423,423,4051153
21-11-2017,424.450012,430,424.5,424.25,424.25,6745407
22-11-2017,425.450012,433,422.450012,428.600006,428.600006,7899417
23-11-2017,428.600006,431.049988,424.25,426.25,426.25,7374216
24-11-2017,427,429.950012,417.799988,425.5,425.5,5108182
27-11-2017,423,424.75,414.5,421.399994,421.399994,7946028
28-11-2017,419.799988,422.25,412.049988,415.950012,415.950012,6217480
29-11-2017,415.899994,419.450012,402.25,413.950012,413.950012,4327453
30-11-2017,410.399994,412.25,396.5,404.149994,404.149994,25646262
01-12-2017,407.899994,410.25,401.700012,398.899994,398.899994,7959197
04-12-2017,405.799988,411.25,396.549988,403.649994,403.649994,10043491
05-12-2017,404.549988,405.5,395,402.25,402.25,7144542
06-12-2017,400.200012,404,397.149994,397.049988,397.049988,5573968
07-12-2017,398,405.299988,406,402,402,7998863
08-12-2017,406,413.75,409.049988,411.149994,411.149994,12288946
11-12-2017,412,415.200012,405.950012,410.149994,410.149994,5066242
12-12-2017,411.549988,415.5,400,406.850006,406.850006,6151197
13-12-2017,407,409.850006,398.200012,401.950012,401.950012,5140689
14-12-2017,404,404.549988,404.200012,402.399994,402.399994,4674026
15-12-2017,406.5,409,389.299988,405.100006,405.100006,5614113
18-12-2017,399,409.899994,407.350006,405.799988,405.799988,5356208
19-12-2017,407.350006,421.700012,419.25,420.100006,420.100006,9686883
20-12-2017,421.950012,427.75,419.549988,422.600006,422.600006,11191127
21-12-2017,424,426.049988,420.899994,420.799988,420.799988,4885225
22-12-2017,422.049988,426.399994,421.149994,422,422,5345261
26-12-2017,422,425.149994,420.299988,424.200012,424.200012,3700655
27-12-2017,423.5,428.450012,416,422.450012,422.450012,3673355
28-12-2017,423.5,423.700012,417.149994,418.600006,418.600006,5018893
29-12-2017,418,433.450012,422.25,431.850006,431.850006,8640908
01-01-2018,430.950012,436.399994,422,424.450012,424.450012,6807536
02-01-2018,428.850006,440.850006,431.950012,439.299988,439.299988,15331261
03-01-2018,440.399994,441.399994,425.75,433.899994,433.899994,9794953
04-01-2018,430,433.299988,429.799988,429.950012,429.950012,8395377
05-01-2018,431.25,436.350006,431.649994,431.600006,431.600006,7021611
08-01-2018,432,436.200012,433,433.549988,433.549988,4635214
09-01-2018,434.25,443.5,431.299988,437.549988,437.549988,12629045
10-01-2018,438,439.299988,432.899994,433.299988,433.299988,4702579
11-01-2018,433.5,437.600006,432.100006,434.75,434.75,4564895
12-01-2018,437,441.450012,431.049988,437.100006,437.100006,7408870
15-01-2018,438.049988,440.049988,419.5,432.350006,432.350006,4042775
16-01-2018,433,435.200012,410.100006,421.899994,421.899994,5623745
17-01-2018,422.049988,424.5,414.450012,422.950012,422.950012,10204447
18-01-2018,424,428.299988,415.049988,418.950012,418.950012,9579830
19-01-2018,415.200012,421.950012,418.450012,418.049988,418.049988,3894062
22-01-2018,419.049988,424.399994,414.75,421.899994,421.899994,4643782
23-01-2018,422.799988,422.799988,402.649994,418,418,6185011
24-01-2018,416,416.25,398,403.600006,403.600006,10789570
25-01-2018,403.450012,407.649994,398.100006,400.299988,400.299988,16312167
29-01-2018,402.5,405.899994,395,399.25,399.25,5789602
30-01-2018,400,402.299988,395.25,395.850006,395.850006,6963005
31-01-2018,395.5,400.950012,390.549988,399.5,399.5,5111454
01-02-2018,399.899994,403.799988,381.299988,393.649994,393.649994,7259426
02-02-2018,392,397.399994,380,383.75,383.75,10070356
05-02-2018,381,398,356.5,395.799988,395.799988,9876017
06-02-2018,363,379.850006,375.200012,375.450012,375.450012,25294860
07-02-2018,380.399994,385.399994,372.200012,377.799988,377.799988,12706795
08-02-2018,379.899994,380,368,374.850006,374.850006,12452396
09-02-2018,369.899994,373.200012,370.200012,368.75,368.75,8816777
12-02-2018,373.399994,376.200012,370.600006,371.799988,371.799988,6002369
14-02-2018,372.899994,382.299988,373.100006,376.850006,376.850006,9623436
15-02-2018,379.799988,382.200012,367.600006,375.799988,375.799988,10225880
16-02-2018,378,379.399994,362.799988,370.75,370.75,8545282
19-02-2018,373.700012,374.700012,366.5,368.75,368.75,5658765
20-02-2018,370.350006,370.899994,362.850006,369.299988,369.299988,3972114
21-02-2018,372.5,372.5,357.5,364.450012,364.450012,8640166
22-02-2018,363,363,358.75,358.5,358.5,10870704
23-02-2018,360.100006,364.600006,362,360.200012,360.200012,6751064
26-02-2018,362,373.5,370.350006,372.049988,372.049988,10576794
27-02-2018,375,376.600006,367.149994,372.549988,372.549988,6156672
28-02-2018,370,373.649994,369.049988,369.899994,369.899994,8009429
01-03-2018,369.75,376.299988,350.100006,370.75,370.75,6991806
05-03-2018,368.75,368.75,345,352.049988,352.049988,14665325
06-03-2018,355.149994,357.950012,343.25,346.5,346.5,8876632
07-03-2018,345,355.299988,341.049988,347.799988,347.799988,15599393
08-03-2018,350.799988,351.899994,340.149994,345.149994,345.149994,7674221
09-03-2018,345.549988,348.700012,340.350006,341.5,341.5,5519224
12-03-2018,345,353.799988,350,352.600006,352.600006,8238960
13-03-2018,352.600006,356.450012,349.600006,353.149994,353.149994,6184241
14-03-2018,351,354.899994,351.100006,354.049988,354.049988,3820313
15-03-2018,354.049988,358.399994,338.399994,353.100006,353.100006,4331145
16-03-2018,352.049988,352.600006,332.549988,339.75,339.75,14205582
19-03-2018,341.200012,342.100006,333.549988,335.700012,335.700012,9391347
20-03-2018,335.5,340.399994,332.25,338.799988,338.799988,5080453
21-03-2018,339.899994,342.25,334.799988,333.850006,333.850006,6812442
22-03-2018,338.5,340.25,329.600006,338.200012,338.200012,9255091
23-03-2018,330,334.799988,324.299988,330.850006,330.850006,8578297
26-03-2018,328.799988,333.899994,330.100006,332.350006,332.350006,8907023
27-03-2018,333.950012,335.799988,325.200012,331.149994,331.149994,6822448
28-03-2018,331.5,333.649994,332.700012,326.850006,326.850006,10975624
02-04-2018,335,340.799988,337.149994,339.149994,339.149994,9874486
03-04-2018,338.399994,344.5,346.25,343.100006,343.100006,6989584
04-04-2018,346.799988,363.700012,359.799988,355.600006,355.600006,27157199
05-04-2018,362.600006,372.350006,356.450012,362.200012,362.200012,28886070
06-04-2018,362,368.350006,357,364.100006,364.100006,13297051
09-04-2018,361.899994,368.600006,351.5,358.299988,358.299988,9555113
10-04-2018,360.5,362.350006,350.5,353.25,353.25,8201215
11-04-2018,355,357.149994,357,355.799988,355.799988,5622957
12-04-2018,358,364.399994,354.399994,358.399994,358.399994,13145938
13-04-2018,357.899994,361,337.549988,357.049988,357.049988,5935628
16-04-2018,350.799988,352.799988,332.600006,339.149994,339.149994,19157051
17-04-2018,342.299988,344.200012,333.399994,336.450012,336.450012,14241074
18-04-2018,338.200012,339.75,332.5,334.799988,334.799988,6699271
19-04-2018,336.5,337,334.600006,334.25,334.25,7087115
20-04-2018,335.950012,343.25,333,336,336,11908652
23-04-2018,335.950012,339.5,330.600006,334.049988,334.049988,8056732
24-04-2018,334.799988,335,327.75,331.549988,331.549988,9210931
25-04-2018,330.799988,334,326,328.600006,328.600006,6306039
26-04-2018,329.899994,335.950012,331.049988,330.25,330.25,16647689
27-04-2018,333,337.649994,337.25,336.899994,336.899994,8804236
30-04-2018,338.5,342.75,335,340.399994,340.399994,5937740
02-05-2018,349.200012,351.649994,329.149994,336.049988,336.049988,16022148
03-05-2018,335.5,335.899994,329.5,333.5,333.5,6870513
04-05-2018,333.75,337.299988,333.700012,334.399994,334.399994,6660062
07-05-2018,337.850006,337.850006,330.25,335.149994,335.149994,3888627
08-05-2018,336.299988,336.600006,331,332.149994,332.149994,8114997
09-05-2018,331,347.25,332.75,341.950012,341.950012,19019847
10-05-2018,343.75,343.75,330,333.600006,333.600006,11158000
11-05-2018,334,334,323,330.799988,330.799988,7365579
14-05-2018,333,333,305.700012,323.600006,323.600006,8312976
15-05-2018,324,324.049988,306.700012,310.100006,310.100006,15323964
16-05-2018,309.950012,315.75,309.299988,310.25,310.25,12051269
17-05-2018,313.100006,319.5,303.5,314.899994,314.899994,10214660
18-05-2018,314.75,315,294.700012,304.600006,304.600006,11688577
21-05-2018,304.75,307.200012,296.549988,295.899994,295.899994,11549490
22-05-2018,296.549988,312.5,305.399994,307.700012,307.700012,17199292
23-05-2018,311.100006,317.25,284.100006,309.450012,309.450012,17698475
24-05-2018,300,307.649994,286.25,288.649994,288.649994,46104103
25-05-2018,290.399994,297.450012,290.299988,294.149994,294.149994,19240172
28-05-2018,293.75,299.899994,293,296.299988,296.299988,8516862
29-05-2018,296.799988,300,286.149994,294.649994,294.649994,9816561
30-05-2018,289.950012,292.25,281.600006,288.899994,288.899994,11649429
31-05-2018,289.950012,290.850006,283.049988,282.5,282.5,28771987
01-06-2018,284.5,290.350006,286,287.200012,287.200012,15840810
04-06-2018,292.5,293.850006,283.600006,286.649994,286.649994,10835487
05-06-2018,286.649994,288.25,285.25,284.950012,284.950012,7456195
06-06-2018,286.850006,296.899994,295.25,295.649994,295.649994,19754001
07-06-2018,296.299988,306.899994,302.399994,305.399994,305.399994,22839023
08-06-2018,305.700012,315.549988,306.649994,309.950012,309.950012,27249374
11-06-2018,310.899994,313.899994,307.200012,309.75,309.75,14650133
12-06-2018,310.950012,313.649994,307,307.799988,307.799988,7932388
13-06-2018,309.200012,311.25,303.799988,308.399994,308.399994,7280886
14-06-2018,308.5,309.600006,300.549988,305.899994,305.899994,6532693
15-06-2018,305.75,307.649994,302.100006,302.950012,302.950012,8224497
18-06-2018,302.899994,311,303.299988,308.799988,308.799988,8787098
19-06-2018,309.600006,312.799988,304.049988,305.049988,305.049988,10498362
20-06-2018,304.899994,308.25,305.5,305.600006,305.600006,6607472
21-06-2018,307.899994,308.5,303.200012,307,307,5085379
22-06-2018,306.850006,308.899994,287.600006,308,308,6033095
25-06-2018,306.299988,306.299988,275.100006,289.399994,289.399994,16392183
26-06-2018,288.399994,288.399994,270,276.850006,276.850006,30728620
27-06-2018,278.5,279.5,261.850006,271.049988,271.049988,19077416
28-06-2018,272,272.649994,262.649994,263.350006,263.350006,19507165
29-06-2018,265.450012,270.5,265.600006,269.299988,269.299988,14765516
02-07-2018,276,276.049988,267.200012,266.700012,266.700012,16495647
03-07-2018,269.5,271.5,265.649994,269.450012,269.450012,11484332
04-07-2018,270,271.5,252.550003,267.049988,267.049988,7394858
05-07-2018,263.5,263.75,261.850006,261.549988,261.549988,20820454
06-07-2018,262,272.5,272.049988,270.850006,270.850006,19215897
09-07-2018,274.600006,277,272.899994,273.5,273.5,9387556
10-07-2018,274.899994,276.899994,267.100006,275.450012,275.450012,6351033
11-07-2018,276.399994,276.399994,265.5,267.799988,267.799988,7356582
12-07-2018,269.600006,272,262.700012,266.100006,266.100006,8573517
13-07-2018,267.299988,269.399994,250.5,263.600006,263.600006,8352827
16-07-2018,260.5,260.799988,252.300003,252.100006,252.100006,11067012
17-07-2018,253,259,247.300003,257.950012,257.950012,6350966
18-07-2018,259.450012,259.450012,251.199997,251.850006,251.850006,9348644
19-07-2018,254,257.850006,251,252.5,252.5,9556686
20-07-2018,252.699997,254,251.100006,253.399994,253.399994,6422014
23-07-2018,254.949997,259.5,257.100006,258.75,258.75,8891743
24-07-2018,258.75,263.75,256.100006,258.799988,258.799988,9906160
25-07-2018,260,261.700012,257.5,257.850006,257.850006,6721386
26-07-2018,260.100006,263,258.549988,258.25,258.25,8817721
27-07-2018,259.100006,269.700012,266.200012,268.149994,268.149994,15275469
30-07-2018,267.75,271.649994,262.200012,267.5,267.5,7801098
31-07-2018,268.950012,270.450012,250,264.100006,264.100006,10026055
01-08-2018,250,268,258.700012,265.049988,265.049988,53282545
02-08-2018,263.450012,266.450012,257.600006,260.850006,260.850006,17421472
03-08-2018,262.149994,263.850006,252.5,258.450012,258.450012,9044248
06-08-2018,259.950012,261.799988,250.550003,254.050003,254.050003,11371744
07-08-2018,255.199997,256,251.850006,251.600006,251.600006,14490829
08-08-2018,253.5,258.25,255.5,255.149994,255.149994,16125867
09-08-2018,256.649994,260.399994,249.550003,257.850006,257.850006,7777719
10-08-2018,257.25,258.649994,243.100006,250.100006,250.100006,14606037
13-08-2018,249.25,249.699997,247.199997,248.699997,248.699997,13877900
14-08-2018,248.600006,249.850006,245.25,248.800003,248.800003,9171033
16-08-2018,245.800003,252.800003,253,251.300003,251.300003,14148347
17-08-2018,253.699997,260.100006,259.200012,258.25,258.25,16117660
20-08-2018,261.850006,271.850006,266.700012,270.100006,270.100006,25576718
21-08-2018,271.850006,274.700012,256,268.799988,268.799988,19505584
23-08-2018,269.200012,269.200012,255,256.899994,256.899994,18667622
24-08-2018,257,258.649994,256.5,255.5,255.5,8703468
27-08-2018,257,259.5,259.049988,258.799988,258.799988,6127707
28-08-2018,261.700012,263.25,261,260,260,8506857
29-08-2018,261.049988,263.5,259,261.700012,261.700012,5117552
30-08-2018,262.299988,263,258.100006,259.350006,259.350006,6333570
31-08-2018,259.100006,268.25,265.25,267.5,267.5,12360078
03-09-2018,271.399994,273,260.350006,266.600006,266.600006,14597832
04-09-2018,270.5,270.799988,255.399994,261.950012,261.950012,14775900
05-09-2018,261,271,263.850006,266.5,266.5,10084307
06-09-2018,269.700012,272,269.25,269.950012,269.950012,14736214
07-09-2018,269.549988,279.899994,271.75,277.399994,277.399994,26189156
10-09-2018,276,282,265.700012,275.700012,275.700012,21322969
11-09-2018,277.25,278.850006,258.850006,267.299988,267.299988,13444031
12-09-2018,268.200012,268.200012,263.399994,262.399994,262.399994,14456273
14-09-2018,265,269.600006,259.649994,266.600006,266.600006,10710620
17-09-2018,263.350006,264.100006,250.600006,260.25,260.25,9461420
18-09-2018,257.75,259.799988,251,251.5,251.5,11554420
19-09-2018,253.550003,255,228.850006,252.600006,252.600006,7845650
21-09-2018,255.050003,257.700012,239.350006,250.350006,250.350006,18547453
24-09-2018,250.199997,251,235.449997,240.199997,240.199997,8889259
25-09-2018,241,243.5,229.550003,240.800003,240.800003,9030367
26-09-2018,242.300003,243.199997,223.100006,233.350006,233.350006,17810869
27-09-2018,234.800003,236.550003,219.5,225.25,225.25,17430781
28-09-2018,227.899994,230.699997,220,223.699997,223.699997,14196824
01-10-2018,225,230.449997,225.800003,229.350006,229.350006,9743094
03-10-2018,230,232.800003,221.75,227.600006,227.600006,9094685
04-10-2018,224,230.800003,214.75,223.25,223.25,13898979
05-10-2018,222.75,226.449997,208.100006,216.25,216.25,10471026
08-10-2018,217.800003,218.5,170.300003,212.350006,212.350006,11854170
09-10-2018,205.699997,206,185.050003,184.350006,184.350006,142760251
10-10-2018,186,190.949997,178,188.75,188.75,35670907
11-10-2018,180.649994,187.75,182.600006,182.949997,182.949997,19323517
12-10-2018,185.949997,188.399994,182.699997,183.75,183.75,18014894
15-10-2018,186.5,186.5,184.550003,184.350006,184.350006,11658409
16-10-2018,185.199997,187.25,179.100006,185.850006,185.850006,9695745
17-10-2018,187.600006,187.800003,174,179.949997,179.949997,12004524
19-10-2018,178.949997,179.75,170.050003,174.699997,174.699997,10469358
22-10-2018,176.399994,176.850006,169.550003,170.75,170.75,11721075
23-10-2018,170,175.699997,169,170.649994,170.649994,15588511
24-10-2018,173.899994,175,164.600006,170.649994,170.649994,15421903
25-10-2018,168.949997,169.75,165.899994,165.350006,165.350006,14877057
26-10-2018,166,172.800003,167.699997,168.5,168.5,19584723
29-10-2018,169.949997,176.5,176.050003,175.350006,175.350006,14171750
30-10-2018,177,181.5,173.449997,177.25,177.25,15602414
31-10-2018,178.300003,180,178.199997,179.100006,179.100006,12579712
01-11-2018,182,186.050003,180.899994,179.449997,179.449997,28947802
02-11-2018,180.949997,191.850006,186.649994,190.300003,190.300003,29425248
05-11-2018,191.300003,191.300003,191.75,189.800003,189.800003,14818506
06-11-2018,192.449997,199.949997,193.350006,193.25,193.25,35339222
07-11-2018,194.949997,195.75,192,194.850006,194.850006,3932893
09-11-2018,192.899994,200.75,185.199997,195.25,195.25,22341961
12-11-2018,194.449997,194.449997,178.350006,186.050003,186.050003,20789180
13-11-2018,180.75,183,176.25,179.5,179.5,22187634
14-11-2018,180.5,183,177.5,176.800003,176.800003,15795883
15-11-2018,178,182.699997,177.850006,180.199997,180.199997,18740276
16-11-2018,180.899994,181.850006,179.100006,179.899994,179.899994,10022823
19-11-2018,180.600006,185.5,183.199997,184.600006,184.600006,14522581
20-11-2018,184.050003,188.300003,183.75,183.75,183.75,13114982
21-11-2018,184.399994,186.75,181.75,184.149994,184.149994,8097107
22-11-2018,185.5,186.149994,177,182.550003,182.550003,9135857
26-11-2018,183.899994,184.449997,178.550003,181.75,181.75,9865426
27-11-2018,181.699997,184.550003,174,180.050003,180.050003,11639680
28-11-2018,181,181.350006,173.449997,174.449997,174.449997,12504717
29-11-2018,175.949997,179.350006,170.350006,177.25,177.25,20892744
30-11-2018,172,174.899994,170,171.949997,171.949997,18393012
03-12-2018,173.25,176.449997,175.300003,175.449997,175.449997,14068885
04-12-2018,177.949997,178.75,168.600006,175.75,175.75,11481923
05-12-2018,173,173,161.600006,169.199997,169.199997,14960527
06-12-2018,168.5,168.699997,160.800003,162.649994,162.649994,15428019
07-12-2018,162.25,164.199997,156.5,162.399994,162.399994,13545006
10-12-2018,159.899994,160.5,154.649994,157.100006,157.100006,13520495
11-12-2018,155,159.5,158,158.100006,158.100006,12094881
12-12-2018,159.5,167.100006,165.550003,164.100006,164.100006,22461175
13-12-2018,166,168,164.850006,166.850006,166.850006,12235499
14-12-2018,166,168.399994,167.25,166.949997,166.949997,10091732
17-12-2018,167.25,175.949997,173.100006,173.949997,173.949997,28526103
18-12-2018,174,177.600006,172.5,174.75,174.75,18015933
19-12-2018,176.5,176.5,171.75,173.899994,173.899994,11540042
20-12-2018,173,177.300003,175.149994,176.399994,176.399994,15819006
21-12-2018,177,180.5,171.5,176.25,176.25,23742481
24-12-2018,176.25,177.850006,167.600006,172.5,172.5,11374468
26-12-2018,171.449997,172.199997,167.699997,170.899994,170.899994,12044191
27-12-2018,172.75,173.399994,169.149994,168.25,168.25,15231581
28-12-2018,169.399994,172.199997,171.75,170.850006,170.850006,8669584
31-12-2018,172.449997,173.899994,171.300003,172.699997,172.699997,8511388
